fund,date,direction,ticker,cusip,company,shares,% of etf
ARKG,2021-02-17,Buy,ABBV,00287Y109,ABBVIE INC,294600,0.2492
ARKG,2021-02-17,Buy,VEEV,922475108,VEEVA SYSTEMS INC,46198,0.1155
ARKG,2021-02-17,Buy,SGFY,82671G100,SIGNIFY HEALTH INC,228881,0.0672
ARKG,2021-02-17,Buy,EXAS,30063P105,EXACT SCIENCES CORP,250505,0.2875
ARKG,2021-02-17,Buy,CMLF,18978W109,CM LIFE SCIENCES INC,228824,0.0418
ARKG,2021-02-17,Buy,BFLY,124155102,BUTTERFLY NETWORK INC,145660,0.0258
ARKG,2021-02-17,Sell,GOOGL,02079K305,ALPHABET INC,17800,0.2995
ARKG,2021-02-17,Sell,CDNA,14167L103,CAREDX INC,404,0.0003
ARKG,2021-02-17,Sell,TWST,90184D100,TWIST BIOSCIENCE CORP,9894,0.0122
ARKG,2021-02-17,Sell,VCYT,92337F107,VERACYTE INC,17374,0.0102
ARKK,2021-02-17,Buy,TSLA,88160R101,TESLA INC,89447,0.2532
ARKK,2021-02-17,Buy,SHOP,82509L107,SHOPIFY INC,39246,0.1975
ARKK,2021-02-17,Buy,NTDOY,654445303,NINTENDO CO LTD,69200,0.0204
ARKK,2021-02-17,Buy,IRDM,46269C102,IRIDIUM COMMUNICATIONS INC,184000,0.0322
ARKK,2021-02-17,Buy,FATE,31189P102,FATE THERAPEUTICS INC,79517,0.0287
ARKK,2021-02-17,Buy,EXAS,30063P105,EXACT SCIENCES CORP,401153,0.2065
ARKK,2021-02-17,Buy,BEAM,07373V105,BEAM THERAPEUTICS INC,71530,0.0271
ARKK,2021-02-17,Sell,ONVO,68620A203,ORGANOVO HOLDINGS INC,4733,0.0003
ARKK,2021-02-17,Sell,SPLK,848637104,SPLUNK INC,362921,0.2232
ARKK,2021-02-17,Sell,SSYS,M85548101,STRATASYS LTD,186371,0.0345
ARKQ,2021-02-17,Buy,TSLA,88160R101,TESLA INC,13173,0.2509
ARKQ,2021-02-17,Buy,TDY,879360105,TELEDYNE TECHNOLOGIES INC,519,0.005
ARKQ,2021-02-17,Buy,RAVN,754212108,RAVEN INDUSTRIES INC,14414,0.0133
ARKQ,2021-02-17,Buy,KMTUY,500458401,KOMATSU LTD,19200,0.0147
ARKQ,2021-02-17,Sell,BYDDY,05606L100,BYD CO LTD,45813,0.0759
ARKQ,2021-02-17,Sell,AVAV,008073108,AEROVIRONMENT INC,8805,0.0282
ARKW,2021-02-17,Buy,SHOP,82509L107,SHOPIFY INC,13035,0.2005
ARKW,2021-02-17,Buy,TSLA,88160R101,TESLA INC,29508,0.2468
ARKW,2021-02-17,Sell,API,00851L103,AGORA INC,28800,0.0306
ARKW,2021-02-17,Sell,PD,69553P100,PAGERDUTY INC,51982,0.03
ARKW,2021-02-17,Sell,PSTG,74624M102,PURE STORAGE INC,224119,0.0666
ARKW,2021-02-17,Sell,TCEHY,88032Q109,TENCENT HOLDINGS LTD,79100,0.0825
